id;name;phone;reserved_date;created_by;last_modified_by
1;Phyo Wai Htoon;(779) 609-1194 x2268;2024-06-03T14:01:13;system;system
2;Linn Naing Oo;1-416-947-6999;2024-06-03T04:08:44;system;system
3;Ko Ko Aung;886.296.3360 x86727;2024-06-03T12:51:53;system;system
4;Tin Tin Mya;1-844-547-3125 x3724;2024-06-04T01:22:12;system;system
5;Win Oo;407.392.8362 x19863;2024-06-03T04:48:34;system;system
6;Khin Maung Lwin;(962) 602-9608;2024-06-03T05:49:45;system;system
7;Soe Thu;970-927-5853 x78908;2024-06-03T22:01:01;system;system
8;Htar Htar San;427-241-7008 x078;2024-06-03T16:41:39;system;system
9;Anonymous;640.459.0599 x256;2024-06-03T20:09:30;system;system
10;Hla Hla Htay;(605) 999-7023;2024-06-04T01:01:44;system;system
